{
  "patch_id": "2ab5f6eb-f6b8-4df1-8774-1e0256feec60",
  "timestamp": "2025-11-27T22:14:47.695832",
  "author": "Juanito",
  "diff": {
    "animation": {
      "rbxassetid://7600224169": {
        "status": "modified",
        "changes": {
          "pfht": {
            "from": 0.25,
            "to": 0.2500000298023224
          }
        }
      },
      "rbxassetid://14435770311": {
        "status": "modified",
        "changes": {
          "phds": {
            "from": 0.25,
            "to": 0.2500000298023224
          },
          "pfht": {
            "from": 0.25,
            "to": 0.2500000298023224
          },
          "bfht": {
            "from": 0.5,
            "to": 0.5000000596046448
          }
        }
      },
      "rbxassetid://14435766591": {
        "status": "modified",
        "changes": {
          "phds": {
            "from": 0.25,
            "to": 0.2500000298023224
          },
          "pfht": {
            "from": 0.25,
            "to": 0.2500000298023224
          },
          "bfht": {
            "from": 0.5,
            "to": 0.5000000596046448
          }
        }
      },
      "rbxassetid://11887874227": {
        "status": "modified",
        "changes": {
          "pfht": {
            "from": 0.25,
            "to": 0.2500000298023224
          }
        }
      },
      "rbxassetid://14435773739": {
        "status": "modified",
        "changes": {
          "phds": {
            "from": 0.25,
            "to": 0.2500000298023224
          },
          "pfht": {
            "from": 0.25,
            "to": 0.2500000298023224
          },
          "bfht": {
            "from": 0.5,
            "to": 0.5000000596046448
          }
        }
      },
      "rbxassetid://7600160919": {
        "status": "modified",
        "changes": {
          "pfht": {
            "from": 0.25,
            "to": 0.2500000298023224
          }
        }
      },
      "rbxassetid://5067090007": {
        "status": "modified",
        "changes": {
          "pfht": {
            "from": 0.25,
            "to": 0.2500000298023224
          }
        }
      },
      "rbxassetid://11887901212": {
        "status": "modified",
        "changes": {
          "pfht": {
            "from": 0.25,
            "to": 0.2500000298023224
          }
        }
      },
      "rbxassetid://7627372304": {
        "status": "modified",
        "changes": {
          "pfht": {
            "from": 0.25,
            "to": 0.2500000298023224
          }
        }
      },
      "rbxassetid://14435763579": {
        "status": "modified",
        "changes": {
          "phds": {
            "from": 0.25,
            "to": 0.2500000298023224
          },
          "pfht": {
            "from": 0.25,
            "to": 0.2500000298023224
          },
          "bfht": {
            "from": 0.5,
            "to": 0.5000000596046448
          }
        }
      },
      "rbxassetid://14435778571": {
        "status": "modified",
        "changes": {
          "phds": {
            "from": 0.25,
            "to": 0.2500000298023224
          },
          "pfht": {
            "from": 0.25,
            "to": 0.2500000298023224
          },
          "bfht": {
            "from": 0.5,
            "to": 0.5000000596046448
          }
        }
      },
      "rbxassetid://5064195992": {
        "status": "modified",
        "changes": {
          "pfht": {
            "from": 0.25,
            "to": 0.2500000298023224
          }
        }
      },
      "rbxassetid://5067105317": {
        "status": "modified",
        "changes": {
          "pfht": {
            "from": 0.25,
            "to": 0.2500000298023224
          }
        }
      },
      "rbxassetid://9597289518": {
        "status": "modified",
        "changes": {
          "pfht": {
            "from": 0.25,
            "to": 0.2500000298023224
          }
        }
      }
    }
  }
}