{
  "patch_id": "8cd17288-b9ef-4fa2-9510-417350173c45",
  "timestamp": "2025-12-01T17:44:48.829986",
  "author": "Blastbrean",
  "diff": {
    "animation": {
      "rbxassetid://8161043368": {
        "status": "modified",
        "changes": {
          "pfht": {
            "from": 0.2500000298023224,
            "to": 0.25
          },
          "phds": {
            "from": 0.2500000298023224,
            "to": 0.25
          },
          "bfht": {
            "from": 0.5000000596046448,
            "to": 0.6
          }
        }
      },
      "rbxassetid://8161044711": {
        "status": "modified",
        "changes": {
          "pfht": {
            "from": 0.2500000298023224,
            "to": 0.25
          },
          "phds": {
            "from": 0.2500000298023224,
            "to": 0.25
          },
          "bfht": {
            "from": 0.5000000596046448,
            "to": 0.6
          }
        }
      },
      "rbxassetid://8161039359": {
        "status": "modified",
        "changes": {
          "pfht": {
            "from": 0.2500000298023224,
            "to": 0.25
          },
          "phds": {
            "from": 0.2500000298023224,
            "to": 0.25
          },
          "bfht": {
            "from": 0.5000000596046448,
            "to": 0.6
          }
        }
      }
    }
  }
}