{
  "patch_id": "a3a9de42-b32d-4707-b48e-5cc1e3d40805",
  "timestamp": "2025-11-27T14:13:04.012337",
  "author": "Blastbrean",
  "diff": {
    "animation": {
      "rbxassetid://5950080662": {
        "status": "modified",
        "changes": {
          "bfht": {
            "from": 0.5,
            "to": 0.5000000596046448
          },
          "pfht": {
            "from": 0.25,
            "to": 0.2500000298023224
          },
          "phds": {
            "from": 0.25,
            "to": 0.2500000298023224
          }
        }
      },
      "rbxassetid://9484850093": {
        "status": "modified",
        "changes": {
          "pfht": {
            "from": 0.25,
            "to": 0.2500000298023224
          }
        }
      },
      "rbxassetid://9597289518": {
        "status": "modified",
        "changes": {
          "pfht": {
            "from": 0.25,
            "to": 0.2500000298023224
          }
        }
      },
      "rbxassetid://7627889074": {
        "status": "modified",
        "changes": {
          "bfht": {
            "from": 0.5,
            "to": 0.5000000596046448
          },
          "pfht": {
            "from": 0.25,
            "to": 0.2500000298023224
          },
          "phds": {
            "from": 0.25,
            "to": 0.2500000298023224
          }
        }
      },
      "rbxassetid://7627854272": {
        "status": "modified",
        "changes": {
          "bfht": {
            "from": 0.5,
            "to": 0.5000000596046448
          },
          "pfht": {
            "from": 0.25,
            "to": 0.2500000298023224
          },
          "phds": {
            "from": 0.25,
            "to": 0.2500000298023224
          }
        }
      },
      "rbxassetid://16372476897": {
        "status": "modified",
        "changes": {
          "pfht": {
            "from": 0.25,
            "to": 0.2500000298023224
          }
        }
      },
      "rbxassetid://11887874227": {
        "status": "modified",
        "changes": {
          "pfht": {
            "from": 0.25,
            "to": 0.2500000298023224
          }
        }
      },
      "rbxassetid://7600224169": {
        "status": "modified",
        "changes": {
          "pfht": {
            "from": 0.25,
            "to": 0.2500000298023224
          }
        }
      },
      "rbxassetid://5067105317": {
        "status": "modified",
        "changes": {
          "pfht": {
            "from": 0.25,
            "to": 0.2500000298023224
          }
        }
      },
      "rbxassetid://5064195992": {
        "status": "modified",
        "changes": {
          "pfht": {
            "from": 0.25,
            "to": 0.2500000298023224
          }
        }
      },
      "rbxassetid://7600160919": {
        "status": "modified",
        "changes": {
          "pfht": {
            "from": 0.25,
            "to": 0.2500000298023224
          }
        }
      }
    }
  }
}