{
  "patch_id": "752abe84-9b37-477b-a1c3-3906f659ed12",
  "timestamp": "2025-11-26T21:27:41.479906",
  "author": "Blastbrean",
  "diff": {
    "animation": {
      "rbxassetid://14435763579": {
        "status": "modified",
        "changes": {
          "pfht": {
            "from": 0.3,
            "to": 0.25
          },
          "phds": {
            "from": 0.2,
            "to": 0.6
          }
        }
      },
      "rbxassetid://5064195992": {
        "status": "modified",
        "changes": {
          "pfht": {
            "from": 0.25,
            "to": 0.2500000298023224
          }
        }
      },
      "rbxassetid://6675703249": {
        "status": "modified",
        "changes": {
          "pfht": {
            "from": 0.4,
            "to": 0.2500000298023224
          },
          "phds": {
            "from": 1,
            "to": 0.6
          }
        }
      },
      "rbxassetid://14435766591": {
        "status": "modified",
        "changes": {
          "pfht": {
            "from": 0.3,
            "to": 0.25
          },
          "phds": {
            "from": 0.2,
            "to": 0.6
          }
        }
      },
      "rbxassetid://11887887621": {
        "status": "modified",
        "changes": {
          "pfht": {
            "from": 0.25,
            "to": 0.2500000298023224
          }
        }
      },
      "rbxassetid://6669352471": {
        "status": "modified",
        "changes": {
          "pfht": {
            "from": 0.1,
            "to": 0.15
          }
        }
      },
      "rbxassetid://7627889074": {
        "status": "modified",
        "changes": {
          "pfht": {
            "from": 0.4,
            "to": 0.2500000298023224
          },
          "phds": {
            "from": 1,
            "to": 0.6
          }
        }
      },
      "rbxassetid://5067105317": {
        "status": "modified",
        "changes": {
          "pfht": {
            "from": 0.25,
            "to": 0.2500000298023224
          }
        }
      },
      "rbxassetid://6466993564": {
        "status": "modified",
        "changes": {
          "hitbox": {
            "from": {
              "Y": 26.899999618530273,
              "X": 26.899999618530273,
              "Z": 26.899999618530273
            },
            "to": {
              "Y": 16.000001907348633,
              "X": 16.000001907348633,
              "Z": 16.000001907348633
            }
          }
        }
      },
      "rbxassetid://7627854272": {
        "status": "modified",
        "changes": {
          "pfht": {
            "from": 0.4,
            "to": 0.2500000298023224
          },
          "phds": {
            "from": 1,
            "to": 0.6
          }
        }
      },
      "rbxassetid://5067090007": {
        "status": "modified",
        "changes": {
          "pfht": {
            "from": 0.25,
            "to": 0.2500000298023224
          }
        }
      },
      "rbxassetid://6675698010": {
        "status": "modified",
        "changes": {
          "pfht": {
            "from": 0.4,
            "to": 0.2500000298023224
          },
          "phds": {
            "from": 1,
            "to": 0.6
          }
        }
      },
      "rbxassetid://11887874227": {
        "status": "modified",
        "changes": {
          "pfht": {
            "from": 0.25,
            "to": 0.2500000298023224
          }
        }
      },
      "rbxassetid://9597289518": {
        "status": "modified",
        "changes": {
          "pfht": {
            "from": 0.3,
            "to": 0.2500000298023224
          },
          "phds": {
            "from": 0.4,
            "to": 0.6
          }
        }
      },
      "rbxassetid://133310040571072": {
        "status": "modified",
        "changes": {
          "actions": {
            "from": [
              {
                "_type": "Parry",
                "name": "1",
                "hitbox": {
                  "Y": 15,
                  "X": 15,
                  "Z": 15
                },
                "when": 725,
                "ihbc": false
              }
            ],
            "to": [
              {
                "_type": "Parry",
                "name": "1",
                "hitbox": {
                  "Y": 31,
                  "X": 15,
                  "Z": 15
                },
                "when": 725,
                "ihbc": false
              }
            ]
          }
        }
      },
      "rbxassetid://9484850093": {
        "status": "modified",
        "changes": {
          "pfht": {
            "from": 0.25,
            "to": 0.2500000298023224
          }
        }
      }
    }
  }
}