{
  "patch_id": "dd34fb22-405e-42b8-8950-1daa3744abf9",
  "timestamp": "2025-12-01T17:35:45.658494",
  "author": "Blastbrean",
  "diff": {
    "animation": {
      "rbxassetid://9597289518": {
        "status": "modified",
        "changes": {
          "pfh": {
            "from": true,
            "to": false
          },
          "pfht": {
            "from": 0.2500000298023224,
            "to": 0.25
          },
          "phd": {
            "from": false,
            "to": true
          },
          "phds": {
            "from": 0.6,
            "to": 0.25
          },
          "bfht": {
            "from": 0.3,
            "to": 0.6
          }
        }
      },
      "rbxassetid://14435778571": {
        "status": "modified",
        "changes": {
          "pfht": {
            "from": 0.2500000298023224,
            "to": 0.25
          },
          "phds": {
            "from": 0.2500000298023224,
            "to": 0.25
          }
        }
      },
      "rbxassetid://14435773739": {
        "status": "modified",
        "changes": {
          "pfht": {
            "from": 0.2500000298023224,
            "to": 0.25
          },
          "phds": {
            "from": 0.2500000298023224,
            "to": 0.25
          }
        }
      },
      "rbxassetid://14435770311": {
        "status": "modified",
        "changes": {
          "pfht": {
            "from": 0.2500000298023224,
            "to": 0.25
          },
          "phds": {
            "from": 0.2500000298023224,
            "to": 0.25
          }
        }
      }
    }
  }
}