{
  "patch_id": "c473a62c-6444-42a6-a128-e3c738cef619",
  "timestamp": "2025-11-27T16:46:14.194262",
  "author": "Blastbrean",
  "diff": {
    "animation": {
      "rbxassetid://13567686046": {
        "status": "modified",
        "changes": {
          "bfht": {
            "from": 0.75,
            "to": 0.5000000596046448
          }
        }
      },
      "rbxassetid://11887887621": {
        "status": "modified",
        "changes": {
          "pfht": {
            "from": 0.25,
            "to": 0.2500000298023224
          }
        }
      },
      "rbxassetid://14181029595": {
        "status": "modified",
        "changes": {
          "bfht": {
            "from": 0.5,
            "to": 0.5000000596046448
          }
        }
      },
      "rbxassetid://5950080662": {
        "status": "modified",
        "changes": {
          "bfht": {
            "from": 0.5,
            "to": 0.5000000596046448
          },
          "pfht": {
            "from": 0.25,
            "to": 0.2500000298023224
          }
        }
      },
      "rbxassetid://9484850093": {
        "status": "modified",
        "changes": {
          "pfht": {
            "from": 0.25,
            "to": 0.2500000298023224
          }
        }
      },
      "rbxassetid://7600224169": {
        "status": "modified",
        "changes": {
          "pfht": {
            "from": 0.25,
            "to": 0.2500000298023224
          }
        }
      },
      "rbxassetid://7627372304": {
        "status": "modified",
        "changes": {
          "pfht": {
            "from": 0.25,
            "to": 0.2500000298023224
          }
        }
      },
      "rbxassetid://7616407967": {
        "status": "modified",
        "changes": {
          "bfht": {
            "from": 0.5,
            "to": 0.5000000596046448
          },
          "phds": {
            "from": 0.25,
            "to": 0.2500000298023224
          },
          "pfht": {
            "from": 0.25,
            "to": 0.2500000298023224
          }
        }
      },
      "rbxassetid://6063188218": {
        "status": "modified",
        "changes": {
          "bfht": {
            "from": 0.5,
            "to": 0.5000000596046448
          },
          "phds": {
            "from": 0.25,
            "to": 0.2500000298023224
          },
          "pfht": {
            "from": 0.25,
            "to": 0.2500000298023224
          }
        }
      },
      "rbxassetid://16372422960": {
        "status": "modified",
        "changes": {
          "pfht": {
            "from": 0.25,
            "to": 0.2500000298023224
          }
        }
      },
      "rbxassetid://6675703249": {
        "status": "modified",
        "changes": {
          "bfht": {
            "from": 0.5,
            "to": 0.5000000596046448
          },
          "pfht": {
            "from": 0.25,
            "to": 0.2500000298023224
          }
        }
      },
      "rbxassetid://16372412925": {
        "status": "modified",
        "changes": {
          "pfht": {
            "from": 0.25,
            "to": 0.2500000298023224
          }
        }
      },
      "rbxassetid://11887874227": {
        "status": "modified",
        "changes": {
          "pfht": {
            "from": 0.25,
            "to": 0.2500000298023224
          }
        }
      },
      "rbxassetid://7627889074": {
        "status": "modified",
        "changes": {
          "bfht": {
            "from": 0.5,
            "to": 0.5000000596046448
          },
          "pfht": {
            "from": 0.25,
            "to": 0.2500000298023224
          }
        }
      },
      "rbxassetid://15121611060": {
        "status": "modified",
        "changes": {
          "pfht": {
            "from": 0.5,
            "to": 0.5000000596046448
          }
        }
      },
      "rbxassetid://107653610777693": {
        "status": "modified",
        "changes": {
          "pfht": {
            "from": 0.25,
            "to": 0.2500000298023224
          }
        }
      },
      "rbxassetid://9832721746": {
        "status": "modified",
        "changes": {
          "pfht": {
            "from": 0.25,
            "to": 0.2500000298023224
          }
        }
      },
      "rbxassetid://7627854272": {
        "status": "modified",
        "changes": {
          "bfht": {
            "from": 0.5,
            "to": 0.5000000596046448
          },
          "pfht": {
            "from": 0.25,
            "to": 0.2500000298023224
          }
        }
      },
      "rbxassetid://6607519294": {
        "status": "modified",
        "changes": {
          "pfht": {
            "from": 0.25,
            "to": 0.2500000298023224
          }
        }
      },
      "rbxassetid://9832724876": {
        "status": "modified",
        "changes": {
          "pfht": {
            "from": 0.25,
            "to": 0.2500000298023224
          }
        }
      },
      "rbxassetid://6437665734": {
        "status": "modified",
        "changes": {
          "bfht": {
            "from": 0.5,
            "to": 0.5000000596046448
          },
          "phds": {
            "from": 0.25,
            "to": 0.2500000298023224
          },
          "pfht": {
            "from": 0.25,
            "to": 0.2500000298023224
          }
        }
      },
      "rbxassetid://16372427756": {
        "status": "modified",
        "changes": {
          "pfht": {
            "from": 0.25,
            "to": 0.2500000298023224
          }
        }
      },
      "rbxassetid://123456225328134": {
        "status": "modified",
        "changes": {
          "pfht": {
            "from": 0.25,
            "to": 0.2500000298023224
          }
        }
      },
      "rbxassetid://9597289518": {
        "status": "modified",
        "changes": {
          "pfht": {
            "from": 0.25,
            "to": 0.2500000298023224
          }
        }
      },
      "rbxassetid://6063195211": {
        "status": "modified",
        "changes": {
          "bfht": {
            "from": 0.5,
            "to": 0.5000000596046448
          },
          "phds": {
            "from": 0.25,
            "to": 0.2500000298023224
          },
          "pfht": {
            "from": 0.25,
            "to": 0.2500000298023224
          }
        }
      },
      "rbxassetid://7600160919": {
        "status": "modified",
        "changes": {
          "pfht": {
            "from": 0.25,
            "to": 0.2500000298023224
          }
        }
      },
      "rbxassetid://6432920452": {
        "status": "modified",
        "changes": {
          "bfht": {
            "from": 0.5,
            "to": 0.5000000596046448
          },
          "pfht": {
            "from": 0.25,
            "to": 0.2500000298023224
          }
        }
      },
      "rbxassetid://6675698010": {
        "status": "modified",
        "changes": {
          "bfht": {
            "from": 0.5,
            "to": 0.5000000596046448
          },
          "pfht": {
            "from": 0.25,
            "to": 0.2500000298023224
          }
        }
      }
    }
  }
}