{
  "patch_id": "6e34c3a2-3425-4c4f-a71f-381cbcdf23f9",
  "timestamp": "2025-12-19T17:01:50.740923",
  "author": "Juanito",
  "diff": {
    "animation": {
      "rbxassetid://9597289518": {
        "status": "modified",
        "changes": {
          "phds": {
            "from": 0.25,
            "to": 0.2500000298023224
          },
          "pfht": {
            "from": 0.25,
            "to": 0.2500000298023224
          }
        }
      },
      "rbxassetid://81374297342678": {
        "status": "modified",
        "changes": {
          "phds": {
            "from": 0.25,
            "to": 0.2500000298023224
          },
          "pfht": {
            "from": 0.25,
            "to": 0.2500000298023224
          }
        }
      },
      "rbxassetid://139109176874463": {
        "status": "modified",
        "changes": {
          "phds": {
            "from": 0.25,
            "to": 0.2500000298023224
          },
          "pfht": {
            "from": 0.25,
            "to": 0.2500000298023224
          }
        }
      },
      "rbxassetid://7600224169": {
        "status": "modified",
        "changes": {
          "pfht": {
            "from": 0.5,
            "to": 0.5000000596046448
          }
        }
      }
    }
  }
}