{
  "patch_id": "075971e4-cb6b-4a5e-ba4d-c27c734b0421",
  "timestamp": "2025-12-01T22:53:57.821484",
  "author": "Juanito",
  "diff": {
    "animation": {
      "rbxassetid://6466993564": {
        "status": "modified",
        "changes": {
          "hitbox": {
            "from": {
              "Y": 16.000001907348633,
              "X": 16.000001907348633,
              "Z": 16.000001907348633
            },
            "to": {
              "Y": 21.399999618530273,
              "X": 21.399999618530273,
              "Z": 21.399999618530273
            }
          }
        }
      },
      "rbxassetid://123115833203242": {
        "status": "modified",
        "changes": {
          "phds": {
            "from": 0.2500000298023224,
            "to": 0.25
          },
          "pfht": {
            "from": 0.2500000298023224,
            "to": 0.25
          }
        }
      }
    }
  }
}