{
  "patch_id": "3de53787-0858-45d6-b568-4bdbd6c3384c",
  "timestamp": "2025-11-27T14:16:36.186259",
  "author": "Blastbrean",
  "diff": {
    "animation": {
      "rbxassetid://5950080662": {
        "status": "modified",
        "changes": {
          "bfht": {
            "from": 0.5000000596046448,
            "to": 0.5
          },
          "ndfb": {
            "from": true,
            "to": false
          },
          "pfht": {
            "from": 0.2500000298023224,
            "to": 0.25
          },
          "phds": {
            "from": 0.2500000298023224,
            "to": 0.25
          }
        }
      },
      "rbxassetid://7627889074": {
        "status": "modified",
        "changes": {
          "bfht": {
            "from": 0.5000000596046448,
            "to": 0.5
          },
          "ndfb": {
            "from": true,
            "to": false
          },
          "pfht": {
            "from": 0.2500000298023224,
            "to": 0.25
          },
          "phds": {
            "from": 0.2500000298023224,
            "to": 0.25
          }
        }
      },
      "rbxassetid://7627854272": {
        "status": "modified",
        "changes": {
          "bfht": {
            "from": 0.5000000596046448,
            "to": 0.5
          },
          "ndfb": {
            "from": true,
            "to": false
          },
          "pfht": {
            "from": 0.2500000298023224,
            "to": 0.25
          },
          "phds": {
            "from": 0.2500000298023224,
            "to": 0.25
          }
        }
      }
    }
  }
}