{
  "patch_id": "8de39c93-91cc-4b6e-9c45-3f9be2b9c9e2",
  "timestamp": "2025-12-01T18:40:24.241165",
  "author": "Blastbrean",
  "diff": {
    "animation": {
      "rbxassetid://8161043368": {
        "status": "modified",
        "changes": {
          "pfht": {
            "from": 0.2500000298023224,
            "to": 0.25
          },
          "phds": {
            "from": 0.2500000298023224,
            "to": 0.25
          }
        }
      },
      "rbxassetid://11887874227": {
        "status": "modified",
        "changes": {
          "pfht": {
            "from": 0.2500000298023224,
            "to": 0.25
          }
        }
      },
      "rbxassetid://8161044711": {
        "status": "modified",
        "changes": {
          "pfht": {
            "from": 0.2500000298023224,
            "to": 0.25
          },
          "phds": {
            "from": 0.2500000298023224,
            "to": 0.25
          }
        }
      },
      "rbxassetid://8467835626": {
        "status": "modified",
        "changes": {
          "iae": {
            "from": true,
            "to": false
          }
        }
      },
      "rbxassetid://8161039359": {
        "status": "modified",
        "changes": {
          "pfht": {
            "from": 0.2500000298023224,
            "to": 0.25
          },
          "phds": {
            "from": 0.2500000298023224,
            "to": 0.25
          }
        }
      },
      "rbxassetid://8161094751": {
        "status": "modified",
        "changes": {
          "pfht": {
            "from": 0.2500000298023224,
            "to": 0.25
          },
          "phds": {
            "from": 0.2500000298023224,
            "to": 0.25
          },
          "bfht": {
            "from": 0.5000000596046448,
            "to": 0.6
          }
        }
      }
    }
  }
}