{
  "patch_id": "882cc59f-1ff1-4c4f-8097-610d84a42936",
  "timestamp": "2025-11-27T16:28:46.851673",
  "author": "Juanito",
  "diff": {
    "animation": {
      "rbxassetid://7600224169": {
        "status": "modified",
        "changes": {
          "pfht": {
            "from": 0.2500000298023224,
            "to": 0.25
          }
        }
      },
      "rbxassetid://6607519294": {
        "status": "modified",
        "changes": {
          "pfht": {
            "from": 0.2500000298023224,
            "to": 0.25
          }
        }
      },
      "rbxassetid://9484850093": {
        "status": "modified",
        "changes": {
          "pfht": {
            "from": 0.2500000298023224,
            "to": 0.25
          }
        }
      },
      "rbxassetid://6675703249": {
        "status": "modified",
        "changes": {
          "pfht": {
            "from": 0.2500000298023224,
            "to": 0.25
          },
          "bfht": {
            "from": 0.5000000596046448,
            "to": 0.5
          }
        }
      },
      "rbxassetid://11887874227": {
        "status": "modified",
        "changes": {
          "pfht": {
            "from": 0.2500000298023224,
            "to": 0.25
          }
        }
      },
      "rbxassetid://11887887621": {
        "status": "modified",
        "changes": {
          "pfht": {
            "from": 0.2500000298023224,
            "to": 0.25
          }
        }
      },
      "rbxassetid://7627889074": {
        "status": "modified",
        "changes": {
          "pfht": {
            "from": 0.2500000298023224,
            "to": 0.25
          },
          "bfht": {
            "from": 0.5000000596046448,
            "to": 0.5
          }
        }
      },
      "rbxassetid://6437665734": {
        "status": "modified",
        "changes": {
          "phds": {
            "from": 0.2500000298023224,
            "to": 0.25
          },
          "pfht": {
            "from": 0.2500000298023224,
            "to": 0.25
          },
          "bfht": {
            "from": 0.5000000596046448,
            "to": 0.5
          }
        }
      },
      "rbxassetid://7600160919": {
        "status": "modified",
        "changes": {
          "pfht": {
            "from": 0.2500000298023224,
            "to": 0.25
          }
        }
      },
      "rbxassetid://7627854272": {
        "status": "modified",
        "changes": {
          "pfht": {
            "from": 0.2500000298023224,
            "to": 0.25
          },
          "bfht": {
            "from": 0.5000000596046448,
            "to": 0.5
          }
        }
      },
      "rbxassetid://7616407967": {
        "status": "modified",
        "changes": {
          "phds": {
            "from": 0.2500000298023224,
            "to": 0.25
          },
          "pfht": {
            "from": 0.2500000298023224,
            "to": 0.25
          },
          "bfht": {
            "from": 0.5000000596046448,
            "to": 0.5
          }
        }
      },
      "rbxassetid://9832721746": {
        "status": "modified",
        "changes": {
          "pfht": {
            "from": 0.2500000298023224,
            "to": 0.25
          }
        }
      },
      "rbxassetid://14181029595": {
        "status": "modified",
        "changes": {
          "bfht": {
            "from": 0.5000000596046448,
            "to": 0.5
          }
        }
      },
      "rbxassetid://6675698010": {
        "status": "modified",
        "changes": {
          "pfht": {
            "from": 0.2500000298023224,
            "to": 0.25
          },
          "bfht": {
            "from": 0.5000000596046448,
            "to": 0.5
          }
        }
      },
      "rbxassetid://7627372304": {
        "status": "modified",
        "changes": {
          "pfht": {
            "from": 0.2500000298023224,
            "to": 0.25
          }
        }
      },
      "rbxassetid://5950080662": {
        "status": "modified",
        "changes": {
          "pfht": {
            "from": 0.2500000298023224,
            "to": 0.25
          },
          "bfht": {
            "from": 0.5000000596046448,
            "to": 0.5
          }
        }
      },
      "rbxassetid://6063188218": {
        "status": "modified",
        "changes": {
          "phds": {
            "from": 0.2500000298023224,
            "to": 0.25
          },
          "pfht": {
            "from": 0.2500000298023224,
            "to": 0.25
          },
          "bfht": {
            "from": 0.5000000596046448,
            "to": 0.5
          }
        }
      },
      "rbxassetid://13567686046": {
        "status": "modified",
        "changes": {
          "bfht": {
            "from": 0.5000000596046448,
            "to": 0.75
          }
        }
      },
      "rbxassetid://15121611060": {
        "status": "modified",
        "changes": {
          "pfht": {
            "from": 0.5000000596046448,
            "to": 0.5
          }
        }
      },
      "rbxassetid://9832724876": {
        "status": "modified",
        "changes": {
          "pfht": {
            "from": 0.2500000298023224,
            "to": 0.25
          }
        }
      },
      "rbxassetid://6063195211": {
        "status": "modified",
        "changes": {
          "phds": {
            "from": 0.2500000298023224,
            "to": 0.25
          },
          "pfht": {
            "from": 0.2500000298023224,
            "to": 0.25
          },
          "bfht": {
            "from": 0.5000000596046448,
            "to": 0.5
          }
        }
      },
      "rbxassetid://9597289518": {
        "status": "modified",
        "changes": {
          "pfht": {
            "from": 0.2500000298023224,
            "to": 0.25
          }
        }
      }
    },
    "effect": {
      "SilentheartWarn": {
        "status": "modified",
        "changes": {
          "actions": {
            "from": [
              {
                "_type": "Start Block",
                "name": "1",
                "hitbox": {
                  "Y": 300,
                  "X": 300,
                  "Z": 300
                },
                "when": 150,
                "ihbc": false
              },
              {
                "_type": "End Block",
                "name": "2",
                "hitbox": {
                  "Y": 300,
                  "X": 300,
                  "Z": 300
                },
                "when": 400,
                "ihbc": false
              }
            ],
            "to": [
              {
                "_type": "Start Block",
                "name": "1",
                "hitbox": {
                  "Y": 300,
                  "X": 300,
                  "Z": 300
                },
                "when": 250,
                "ihbc": false
              },
              {
                "_type": "End Block",
                "name": "2",
                "hitbox": {
                  "Y": 300,
                  "X": 300,
                  "Z": 300
                },
                "when": 400,
                "ihbc": false
              }
            ]
          }
        }
      }
    }
  }
}